id,name,tier,listed_website,page_title,site_description,public_email,contact_page,linkedin_company,research_status,http_status,research_source,logo_url,directory_source,captured_utc
ORG-001,American Express,Silver,https://www.americanexpress.com,"American Express Credit Cards, Rewards & Banking","American Express offers world-class Charge and Credit Cards, Gift Cards, Rewards, Travel, Personal Savings, Business Services, Insurance and more.",,,https://www.linkedin.com/company/american-express,Page retrieved,200,https://www.americanexpress.com,https://media.djangoproject.com/cache/8e/8f/8e8f6c02ad5a5de6a35108227cd65dda.png,https://www.djangoproject.com/foundation/corporate-members/,2026-10-05T02:01:06+00:00
ORG-002,Arcanite,Bronze,https://www.arcanite.ch/,Arcanite,,,,https://www.linkedin.com/company/arcanite-solutions-sarl,Page retrieved,200,https://www.arcanite.ch/,https://media.djangoproject.com/cache/44/dc/44dc8a1e97bcaa3100cba0b343b33af1.png,https://www.djangoproject.com/foundation/corporate-members/,2026-10-05T02:01:06+00:00
ORG-003,Authentik Security,Bronze,https://goauthentik.io,Welcome | authentik,Bring all of your authentication into a unified platform.,,https://goauthentik.io/contact/,,Page retrieved,200,https://goauthentik.io,https://media.djangoproject.com/cache/05/6b/056b49812b7beba1944f91d1da3721cc.png,https://www.djangoproject.com/foundation/corporate-members/,2026-10-05T02:01:06+00:00
ORG-004,BlockBee,Gold,https://blockbee.io/?ref=django,BlockBee,BlockBee is a cryptocurrency payment gateway that allows you to accept cryptocurrencies in your business.,,,https://www.linkedin.com/company/blockbee/jobs/,Page retrieved,200,https://blockbee.io/?ref=django,https://media.djangoproject.com/cache/b8/c9/b8c944ece27bc2b564a03846db6c28fa.png,https://www.djangoproject.com/foundation/corporate-members/,2026-10-05T02:01:06+00:00
ORG-005,Boomerang,Bronze,https://www.boomerangapp.com,Meeting scheduling and email productivity | Boomerang,Boomerang makes meeting scheduling and email productivity tools for everyone to use every day.,support@baydin.com,,https://www.linkedin.com/company/baydin,Page retrieved,200,https://www.boomerangapp.com,https://media.djangoproject.com/cache/ca/46/ca46ff42eae363c0056c171a07f15bff.png,https://www.djangoproject.com/foundation/corporate-members/,2026-10-05T02:01:06+00:00
ORG-006,Caktus Group,Gold,http://www.caktusgroup.com/,Caktus Group,,,,,Page retrieved,200,https://www.caktusgroup.com/,https://media.djangoproject.com/cache/e6/d4/e6d4e82b9bf5abaab14b23c663914697.png,https://www.djangoproject.com/foundation/corporate-members/,2026-10-05T02:01:06+00:00
ORG-007,CHARTWELL Resource Group Ltd.,Bronze,https://www.crgl.ca,Home - Chartwell,"Our services include Professional Forestry, Road and Bridge Engineering, Road/Asset Management, GIS and Mapping, LiDAR, Asset Inventory, and Project Management.",,https://crgl.ca/contact-us/,,Page retrieved,200,https://crgl.ca/,https://media.djangoproject.com/cache/3e/51/3e51e08e07bb6e1ccb0d01e4f605144c.png,https://www.djangoproject.com/foundation/corporate-members/,2026-10-05T02:01:06+00:00
ORG-008,CoreUpdate,Silver,https://coreupdate.com/,CoreUpdate - Automatisez vos mises à jour. Sans agent.,Découvrez comment CoreUpdate automatise vos mises à jour applicatives pour vous faire gagner du temps et vous aider à réduire les risques.,,,https://www.linkedin.com/company/galeax/,Page retrieved,200,https://coreupdate.com/,https://media.djangoproject.com/cache/f3/35/f33590da5de05ef720a90761ef5af8dd.png,https://www.djangoproject.com/foundation/corporate-members/,2026-10-05T02:01:06+00:00
ORG-009,Dedomainia LTD,Bronze,https://www.dedomainia.co.uk/,Dedomainia | Experts of longevity risk,"Longevity operations are hard, we make it easy. Dedomainia is an insurtech company offering an eco-system solutions to facilitate longevity operations and longevity swap between all stakeholders.",,,https://www.linkedin.com/company/dedomainia/mycompany/,Page retrieved,200,https://www.dedomainia.co.uk/,https://media.djangoproject.com/cache/f7/44/f7447ebd95b1e9696ab6d03a571c8ff1.jpg,https://www.djangoproject.com/foundation/corporate-members/,2026-10-05T02:01:06+00:00
ORG-010,DEFNA,Silver,https://www.defna.org/,Home — Django Events Foundation North America,"Django Events Foundation North America — supporting the Django community through DjangoCon US, grants, and sponsored events since 2015.",,https://www.defna.org/contact/,,Page retrieved,200,https://www.defna.org/,https://media.djangoproject.com/cache/d0/dc/d0dcc2546bcfd59c8c6d32e131132eb4.png,https://www.djangoproject.com/foundation/corporate-members/,2026-10-05T02:01:06+00:00
ORG-011,Django Danmark,Bronze,https://django-denmark.org/,Django Denmark,,info@django-denmark.org,,,Page retrieved,200,https://django-denmark.org/,https://media.djangoproject.com/cache/af/84/af84c1cd07a15099a8200defe68aca3e.png,https://www.djangoproject.com/foundation/corporate-members/,2026-10-05T02:01:06+00:00
ORG-012,Foxley Talent,Silver,https://www.foxleytalent.com/,Hire Django Developers & Hire Python Developers,"Foxley Talent the specialist recruiter helping you hire Django developers & hire Python developers with speed, precision and community expertise. Tap into networks and hire people you never thought possible.",hello@foxleytalent.com,https://foxleytalent.com/contact/,,Page retrieved,200,https://foxleytalent.com/,https://media.djangoproject.com/cache/93/1a/931a6d2ce175cec120a3be843d05c408.png,https://www.djangoproject.com/foundation/corporate-members/,2026-10-05T02:01:06+00:00
ORG-013,Fusionbox,Silver,https://www.fusionbox.com/,Fusionbox: US-Based Python/Django Consultants,"For more than 20 years, we've been building successful software for clients. Come learn more about our secure Python and Django application development services.",info@fusionbox.com,https://www.fusionbox.com/contact/#schedule,https://www.linkedin.com/company/fusionbox,Page retrieved,200,https://www.fusionbox.com/,https://media.djangoproject.com/cache/3b/37/3b3713d4526dfcc8930912b9bc434a8a.png,https://www.djangoproject.com/foundation/corporate-members/,2026-10-05T02:01:06+00:00
ORG-014,Healthchecks.io,Silver,https://healthchecks.io,Healthchecks.io: Cron Job Monitoring,"Get instant alerts when your cron jobs, background workers, scheduled tasks don't run on time. Monitor up to 20 cron jobs for free.",,,,Page retrieved,200,https://healthchecks.io,https://media.djangoproject.com/cache/ed/de/edde66877a4a731dede914e900177732.png,https://www.djangoproject.com/foundation/corporate-members/,2026-10-05T02:01:06+00:00
ORG-015,Iterativ.ch,Bronze,https://www.iterativ.ch/,No Bullshit - Iterativ - Bern,Wir konzentrieren uns aufs Wesentliche und kommunizieren ehrlich. Lass uns gemeinsam dein digitales Produkt erschaffen.,,,,Page retrieved,200,https://www.iterativ.ch/,https://media.djangoproject.com/cache/c7/fe/c7fe4c51a8fd68f49c08302d72f15b08.png,https://www.djangoproject.com/foundation/corporate-members/,2026-10-05T02:01:06+00:00
ORG-016,JBS Dev,Silver,https://www.jbs.dev,,,,,,Review required: HTTPError,,,https://media.djangoproject.com/cache/89/c6/89c6f53752f540743629afb80cacddbf.jpg,https://www.djangoproject.com/foundation/corporate-members/,2026-10-05T02:01:06+00:00
ORG-017,JetBrains,Platinum,https://jb.gg/ybja10,PyCharm: The Django IDE,"Build, test, and deploy Django applications with PyCharm",,,,Page retrieved,200,https://www.jetbrains.com/pycharm/web-development/django/?utm_campaign=pycharm&utm_content=django-fundraiser-24&utm_medium=email&utm_source=dsf-members,https://media.djangoproject.com/cache/c0/ea/c0ea128467983e64aab91cd27e7918c0.png,https://www.djangoproject.com/foundation/corporate-members/,2026-10-05T02:01:06+00:00
ORG-018,Jonas und der Wolf,Silver,https://www.jonasundderwolf.de,Jonas und der Wolf,Sie bauen die Infrastruktur der Zukunft – wir die passende Lösung für Ihr digitales Ökosystem.,,,https://www.linkedin.com/company/jonas-und-der-wolf/,Page retrieved,200,https://www.jonasundderwolf.de,https://media.djangoproject.com/cache/e1/8b/e18b0d80235a34b705ff3e073b3d591d.png,https://www.djangoproject.com/foundation/corporate-members/,2026-10-05T02:01:06+00:00
ORG-019,Kraken Tech,Platinum,https://kraken.tech,Kraken: The most loved operating system for energy | Kraken,"Kraken is the tech platform delivering innovation for utilities worldwide. Powered by a single-data model and Utility-Grade AI, we help energy businesses thrive. Trusted globally to manage over 90 million customer accounts, we empower your teams to deliver outstanding customer experiences.",,,https://www.linkedin.com/company/krakentech/,Page retrieved,200,https://www.kraken.tech/,https://media.djangoproject.com/cache/71/4b/714b3473ed0cf3665f6b894d3be9491e.png,https://www.djangoproject.com/foundation/corporate-members/,2026-10-05T02:01:06+00:00
ORG-020,KUWAITNET General Trading and Contracting Company,Silver,https://kuwaitnet.com/en/,,,,,,Review required: HTTPError,,,https://media.djangoproject.com/cache/6c/3f/6c3f87c97be7ff16d32f6f6437ca58eb.png,https://www.djangoproject.com/foundation/corporate-members/,2026-10-05T02:01:06+00:00
ORG-021,Lincoln Loop,Silver,https://lincolnloop.com/,Perfect-fit software. Designed for ambition. Built to last. | Lincoln Loop,Perfect-fit software. Designed for ambition. Built to last.,,https://lincolnloop.com/contact/,https://www.linkedin.com/company/lincoln-loop/,Page retrieved,200,https://lincolnloop.com/,https://media.djangoproject.com/cache/25/e3/25e3aedee28ab8005caa575ba761d2a7.png,https://www.djangoproject.com/foundation/corporate-members/,2026-10-05T02:01:06+00:00
ORG-022,Maykin,Bronze,https://www.maykinmedia.nl,Home | Maykin,Maykin ontwikkelt open source software voor de overheid en maatwerk software voor bedrijven.,info@maykinmedia.nl,https://maykin.nl/nl/contact/,https://www.linkedin.com/company/maykin-media,Page retrieved,200,https://maykin.nl/nl/,https://media.djangoproject.com/cache/c2/07/c207eb8aa0d641c302f86c74725449f9.png,https://www.djangoproject.com/foundation/corporate-members/,2026-10-05T02:01:06+00:00
ORG-023,Monit,Bronze,https://monitdata.com,Home - Monit,Marktleider met meer dan 10 jaar ervaring. Optimaliseer je mobiliteits beleid en beheer met Monit Data. - ‘Unlock your parking data',info@monitdata.com,,https://www.linkedin.com/company/monitdata,Page retrieved,200,https://monitdata.com,https://media.djangoproject.com/cache/a1/40/a1400c8c78f7f43e3936a1f59235cbca.png,https://www.djangoproject.com/foundation/corporate-members/,2026-10-05T02:01:06+00:00
ORG-024,Nephila,Bronze,https://nephila.digital,Sviluppo web con Django e Python - Nephila Digital Development,Siamo un'azienda di sviluppo web con più di 10 anni di expertise in Python e Django. Realizziamo prodotti di alta qualità tramite la metodologia agile.,info@nephila.digital,,https://www.linkedin.com/company/nephila,Page retrieved,200,https://www.nephila.digital/it/,https://media.djangoproject.com/cache/99/06/990631b0deded593c6c686751266e1d6.png,https://www.djangoproject.com/foundation/corporate-members/,2026-10-05T02:01:06+00:00
ORG-025,ohne-makler,Gold,https://www.ohne-makler.net,ohne-makler | Immobilien verkaufen und vermieten ohne Makler,"Nur ein Mal inserieren, wir veröffentlichen Ihr Angebot automatisch mit allen Daten, Texten und Bildern auf den großen Portalen: ImmoScout24, immowelt, Kleinanzeigen uvm.",,,,Page retrieved,200,https://www.ohne-makler.net,https://media.djangoproject.com/cache/00/84/00841ce334a02ab851766b6d65107bcc.png,https://www.djangoproject.com/foundation/corporate-members/,2026-10-05T02:01:06+00:00
ORG-026,Personalkollen,Bronze,https://personalkollen.se/,"Schema, tid och lön. I en och samma plattform.",,support@personalkollen.se,,https://www.linkedin.com/company/80410730/,Page retrieved,200,https://personalkollen.se/start/,https://media.djangoproject.com/cache/d4/44/d444ea5d57f93b78117067986f83a67d.png,https://www.djangoproject.com/foundation/corporate-members/,2026-10-05T02:01:06+00:00
ORG-027,PostHog,Platinum,https://posthog.com,PostHog - your product’s context layer,"PostHog automatically diagnoses problems, fixes bugs, and generates pull requests – all without you having to prompt it.",,,,Page retrieved,200,https://posthog.com,https://media.djangoproject.com/cache/c7/e4/c7e40c86262b3d455526e8f94a899303.png,https://www.djangoproject.com/foundation/corporate-members/,2026-10-05T02:01:06+00:00
ORG-028,pretix,Silver,https://pretix.eu,"pretix – Reinventing ticket sales for conferences, exhibitions, museums, ...",pretix helps you to sell tickets for your event in an easy way. It supports multi-lingual events and provides a wide range of features,support@pretix.eu,,https://www.linkedin.com/company/pretix/,Page retrieved,200,https://pretix.eu/about/en/,https://media.djangoproject.com/cache/b5/c7/b5c70cf2f2b600e8ab6ba363a3b99914.png,https://www.djangoproject.com/foundation/corporate-members/,2026-10-05T02:01:06+00:00
ORG-029,REVSYS,Silver,https://www.revsys.com?utm_source=djangoproject,REVSYS,"REVSYS is a leader in Open Source consulting and support. Specializing in infrastructure scaling, development, and AI using Django, Python, and PostgreSQL.",sales@revsys.com,https://www.revsys.com/contact/,https://www.linkedin.com/company/revolution-systems/,Page retrieved,200,https://www.revsys.com?utm_source=djangoproject,https://media.djangoproject.com/cache/81/e7/81e73ebc7636778a710ba3febc718558.png,https://www.djangoproject.com/foundation/corporate-members/,2026-10-05T02:01:06+00:00
ORG-030,Sentry,Platinum,https://sentry.io/for/django/,Django Error Monitoring & Performance Monitoring | Sentry,"Trace slow middleware, signals, and database queries, then resolve exceptions with local variables still in the stack. Supports Django 1.8 and above.",,https://sentry.io/contact/enterprise/,https://www.linkedin.com/company/getsentry/,Page retrieved,200,https://sentry.io/for/django/,https://media.djangoproject.com/cache/7a/f9/7af9c770dc49465739a82c91a0eb3d51.png,https://www.djangoproject.com/foundation/corporate-members/,2026-10-05T02:01:06+00:00
ORG-031,SerpApi,Gold,https://serpapi.com,SerpApi: Google Search API,"SerpApi is a real-time API to access Google search results. We handle proxies, solve captchas, and parse all rich structured data for you.",contact@serpapi.com,,https://www.linkedin.com/company/serpapi/,Page retrieved,200,https://serpapi.com,https://media.djangoproject.com/cache/48/04/48040d049f8f6e4fd6fd6e9be070580e.png,https://www.djangoproject.com/foundation/corporate-members/,2026-10-05T02:01:06+00:00
ORG-032,Six Feet Up,Gold,https://sixfeetup.com,"Python and AI for Good, Custom Software Development","Six Feet Up accelerates IMPACTFUL Projects™ by crafting superior and lasting software solutions, specializing in App Development, AI and Big Data.",info@sixfeetup.com,https://sixfeetup.com/contact-us,https://www.linkedin.com/company/sixfeetup,Page retrieved,200,https://sixfeetup.com,https://media.djangoproject.com/cache/42/8f/428f77b37877b0a4e6eb6fed896a6498.jpg,https://www.djangoproject.com/foundation/corporate-members/,2026-10-05T02:01:06+00:00
ORG-033,Software-Design,Bronze,https://software-design.de,"Individuelle Software, Programmierung & Apps | Software-Design","Die SD Software-Design GmbH ist ein IT-Unternehmen für die Entwicklung und Programmierung individueller Software, Apps, Schnittstellen und Webplattformen aus Freiburg",info@software-design.de,,https://de.linkedin.com/company/sd-software-design-gmbh,Page retrieved,200,https://software-design.de,https://media.djangoproject.com/cache/f4/fa/f4facaebffc553146f70aff2f6ca6050.jpg,https://www.djangoproject.com/foundation/corporate-members/,2026-10-05T02:01:06+00:00
ORG-034,Switchboard,Silver,https://oneswitchboard.com/,,,,,,Review required: no title,200,https://oneswitchboard.com/,https://media.djangoproject.com/cache/ba/72/ba721c6c6db361929563b0ef1e907549.png,https://www.djangoproject.com/foundation/corporate-members/,2026-10-05T02:01:06+00:00
ORG-035,Team Blueshoe,Bronze,https://www.blueshoe.io/,Cloud Native Consulting and Application Development | BLUESHOE,Experts for Cloud Native architectures and application development. We help you on the path to become a fully cloud native company.,hello@blueshoe.io,https://www.blueshoe.io/contact/,https://www.linkedin.com/company/blueshoe/,Page retrieved,200,https://www.blueshoe.io/,https://media.djangoproject.com/cache/61/9e/619ec67e6fac934f46a2dc6bbb1229c9.webp,https://www.djangoproject.com/foundation/corporate-members/,2026-10-05T02:01:06+00:00
ORG-036,Torchbox,Bronze,https://torchbox.com/,Torchbox | Digital Agency for Charities and Nonprofits,"Torchbox is the agency partner for socially progressive organisations with ambitious digital ideas. Services include UX Design, Website Development, Custom Web Apps, PPC & SEO, Google Analytics, Wagtail Development and Social Media Marketing.",,,https://www.linkedin.com/company/torchbox,Page retrieved,200,https://torchbox.com/,https://media.djangoproject.com/cache/5e/57/5e571aa66823ae7b253bb1c91e5017a0.jpg,https://www.djangoproject.com/foundation/corporate-members/,2026-10-05T02:01:06+00:00
ORG-037,Two Rock Software,Bronze,https://tworock.io,Two Rock Software - Django Developers in North Carolina,We develop custom software to help humans solve real problems in their businesses and in the world. Emphasis on Django and Python.,,https://tworock.io/contact/,,Page retrieved,200,https://tworock.io,https://media.djangoproject.com/cache/6d/e6/6de6023096c076ca75790548a6fac524.png,https://www.djangoproject.com/foundation/corporate-members/,2026-10-05T02:01:06+00:00
ORG-038,Zapier,Silver,https://zapier.com/,"Zapier: Automate AI Workflows, Agents, and Apps","Build and scale AI workflows and agents across 9,000+ apps with Zapier—the most connected AI orchestration platform. Trusted by 3 million+ businesses.",,https://zapier.com/l/contact-sales?demo_source=cs_nav_header,https://www.linkedin.com/company/zapier/,Page retrieved,200,https://zapier.com/,https://media.djangoproject.com/cache/8f/93/8f933ac446ac4a1efbd73df1db678094.png,https://www.djangoproject.com/foundation/corporate-members/,2026-10-05T02:01:06+00:00
